{
  "title": "Bot Discord Backup OAuth2 - Documentação",
  "description": "Documentação completa do bot de backup para Discord",
  "pages": [
    {
      "title": "Introdução",
      "file": "01-introduction.md",
      "order": 1
    },
    {
      "title": "Configuração",
      "file": "02-configuration.md",
      "order": 2
    },
    {
      "title": "Como Usar",
      "file": "03-running.md",
      "order": 3
    },
    {
      "title": "Deploy",
      "file": "04-deployment.md",
      "order": 4
    }
  ]
}
